{"assets":[{"fr":60,"id":"comp_0","layers":[{"ct":1,"ind":1,"ip":0,"ks":{"a":{"k":[12,12,0]},"o":{"k":100},"p":{"k":[112,112,0]},"s":{"k":[{"i":{"x":[0.667,0.667,0.667],"y":[1,1,1]},"o":{"x":[0.987,0.987,0.333],"y":[0.652,0.652,0]},"s":[436.364,436.364,100],"t":0},{"s":[0,0,100],"t":8.181640625}]}},"op":60,"shapes":[{"cix":2,"it":[{"ix":1,"ks":{"k":{"c":true,"i":[[0,-0.265],[0.188,-0.187],[0.265,0],[0,0],[0,0],[0.188,-0.187],[0.265,0],[0.187,0.188],[0,0.265],[0,0],[0,0],[0.187,0.188],[0,0.265],[-0.188,0.187],[-0.265,0],[0,0],[0,0],[-0.188,0.187],[-0.265,0],[-0.187,-0.188],[0,-0.265],[0,0],[0,0],[-0.187,-0.188]],"o":[[0,0.265],[-0.187,0.188],[0,0],[0,0],[0,0.265],[-0.187,0.188],[-0.265,0],[-0.188,-0.187],[0,0],[0,0],[-0.265,0],[-0.188,-0.187],[0,-0.265],[0.187,-0.188],[0,0],[0,0],[0,-0.265],[0.187,-0.188],[0.265,0],[0.188,0.187],[0,0],[0,0],[0.265,0],[0.188,0.187]],"v":[[5.57,0],[5.277,0.707],[4.57,1],[1,1],[1,4.57],[0.707,5.277],[0,5.57],[-0.707,5.277],[-1,4.57],[-1,1],[-4.57,1],[-5.277,0.707],[-5.57,0],[-5.277,-0.707],[-4.57,-1],[-1,-1],[-1,-4.534],[-0.707,-5.241],[0,-5.534],[0.707,-5.241],[1,-4.534],[1,-1],[4.57,-1],[5.277,-0.707]]}},"ty":"sh"},{"c":{"k":[1,1,1,1]},"o":{"k":100},"r":1,"ty":"fl"},{"a":{"k":[0,0]},"o":{"k":100},"p":{"k":[11.999,12]},"s":{"k":[100,100]},"ty":"tr"}],"ix":1,"np":2,"ty":"gr"}],"st":0,"ty":4},{"ct":1,"ind":2,"ip":0,"ks":{"a":{"k":[12,12,0]},"o":{"k":100},"p":{"k":[112,112,0]},"s":{"k":[{"i":{"x":[0.207,0.207,0.667],"y":[0.994,0.994,1]},"o":{"x":[0.333,0.333,0.333],"y":[0,0,0]},"s":[0,0,100],"t":8.182},{"s":[427.143,427.143,100],"t":19}]}},"op":60,"shapes":[{"cix":2,"it":[{"ix":1,"ks":{"k":{"c":true,"i":[[-0.187,-0.187],[0,-0.265],[0.187,-0.188],[0,0],[0,0],[-0.002,0.262],[-0.185,0.186],[-0.263,0.003],[-0.189,-0.182],[0,0],[0,0],[-0.265,0]],"o":[[0.187,0.188],[0,0.265],[0,0],[0,0],[-0.182,-0.189],[0.003,-0.263],[0.186,-0.185],[0.262,-0.002],[0,0],[0,0],[0.187,-0.187],[0.265,0]],"v":[[5.4,-3.753],[5.693,-3.046],[5.4,-2.339],[-2.025,5.087],[-5.333,1.779],[-5.615,1.076],[-5.322,0.376],[-4.622,0.083],[-3.919,0.365],[-2.025,2.258],[3.986,-3.753],[4.693,-4.046]]}},"ty":"sh"},{"c":{"k":[1,1,1,1]},"o":{"k":100},"r":1,"ty":"fl"},{"a":{"k":[0,0]},"o":{"k":100},"p":{"k":[11.998,11.96]},"s":{"k":[100,100]},"ty":"tr"}],"ix":1,"np":2,"ty":"gr"}],"st":0,"td":1,"ty":4},{"ct":1,"hasMask":true,"ind":3,"ip":0,"ks":{"a":{"k":[12.02,11.992,0]},"o":{"k":100},"p":{"k":[112,112,0]},"s":{"k":[400.026,400.026,100]}},"masksProperties":[{"o":{"k":100},"pt":{"k":{"c":true,"i":[[0,6.075],[-6.075,0],[0,-6.075],[6.075,0]],"o":[[0,-6.075],[6.075,0],[0,6.075],[-6.075,0]],"v":[[1.041,11.984],[12.041,0.984],[23.041,11.984],[12.041,22.984]]}},"x":{"k":0}}],"op":60,"shapes":[{"cix":2,"it":[{"ix":1,"ks":{"k":{"c":true,"i":[[0,6.075],[-6.075,0],[0,-6.075],[6.075,0]],"o":[[0,-6.075],[6.075,0],[0,6.075],[-6.075,0]],"v":[[-11,0],[0,-11],[11,0],[0,11]]}},"ty":"sh"},{"a":{"k":[0,0]},"o":{"k":100},"p":{"k":[11.999,12]},"s":{"k":[100,100]},"ty":"tr"}],"ix":1,"np":1,"ty":"gr"},{"c":{"k":[{"i":{"x":[0.833],"y":[0.833]},"o":{"x":[0.167],"y":[0.167]},"s":[1,1,1,1],"t":0},{"i":{"x":[0.833],"y":[0.833]},"o":{"x":[0.167],"y":[0.167]},"s":[0.117647059262,0.843137264252,0.376470595598,1],"t":8.182},{"s":[0.117647059262,0.843137264252,0.376470595598,1],"t":16}]},"lc":1,"lj":1,"ml":4,"o":{"k":100},"ty":"st","w":{"k":[{"i":{"x":[0.833],"y":[0.833]},"o":{"x":[0.167],"y":[0.167]},"s":[0],"t":0},{"s":[20],"t":8.181640625}]}}],"st":0,"tp":2,"tt":2,"ty":4},{"ct":1,"ind":4,"ip":0,"ks":{"a":{"k":[12,12,0]},"o":{"k":100},"p":{"k":[112,112,0]},"s":{"k":[{"i":{"x":[0.207,0.207,0.667],"y":[0.994,0.994,1]},"o":{"x":[0.333,0.333,0.333],"y":[0,0,0]},"s":[0,0,100],"t":8.182},{"s":[427.143,427.143,100],"t":19}]}},"op":60,"shapes":[{"cix":2,"it":[{"ix":1,"ks":{"k":{"c":true,"i":[[-0.187,-0.187],[0,-0.265],[0.187,-0.188],[0,0],[0,0],[-0.002,0.262],[-0.185,0.186],[-0.263,0.003],[-0.189,-0.182],[0,0],[0,0],[-0.265,0]],"o":[[0.187,0.188],[0,0.265],[0,0],[0,0],[-0.182,-0.189],[0.003,-0.263],[0.186,-0.185],[0.262,-0.002],[0,0],[0,0],[0.187,-0.187],[0.265,0]],"v":[[5.4,-3.753],[5.693,-3.046],[5.4,-2.339],[-2.025,5.087],[-5.333,1.779],[-5.615,1.076],[-5.322,0.376],[-4.622,0.083],[-3.919,0.365],[-2.025,2.258],[3.986,-3.753],[4.693,-4.046]]}},"ty":"sh"},{"c":{"k":[1,1,1,1]},"o":{"k":100},"r":1,"ty":"fl"},{"a":{"k":[0,0]},"o":{"k":100},"p":{"k":[11.998,11.96]},"s":{"k":[100,100]},"ty":"tr"}],"ix":1,"np":2,"ty":"gr"}],"st":0,"td":1,"ty":4},{"ct":1,"ind":5,"ip":0,"ks":{"o":{"k":[{"i":{"x":[0.833],"y":[0.833]},"o":{"x":[0.167],"y":[0.167]},"s":[0],"t":7.637},{"s":[100],"t":8.181640625}]},"p":{"k":[112,112,0]},"s":{"k":[60.327,60.327,100]}},"op":60,"shapes":[{"cix":2,"it":[{"d":1,"p":{"k":[0,0]},"s":{"k":[224,224]},"ty":"el"},{"c":{"k":[0.117647059262,0.843137264252,0.376470595598,1]},"o":{"k":100},"r":1,"ty":"fl"},{"a":{"k":[0,0]},"o":{"k":100},"p":{"k":[0,0]},"s":{"k":[13.503,13.503]},"ty":"tr"}],"ix":1,"np":3,"ty":"gr"}],"st":0,"tp":4,"tt":2,"ty":4},{"ct":1,"ind":6,"ip":0,"ks":{"a":{"k":[12,12,0]},"o":{"k":100},"p":{"k":[112,112,0]},"s":{"k":[400,400,100]}},"op":60,"shapes":[{"cix":2,"it":[{"ix":1,"ks":{"k":{"c":true,"i":[[0,6.075],[-6.075,0],[0,-6.075],[6.075,0]],"o":[[0,-6.075],[6.075,0],[0,6.075],[-6.075,0]],"v":[[-11,0],[0,-11],[11,0],[0,11]]}},"ty":"sh"},{"ind":1,"ix":2,"ks":{"k":{"c":true,"i":[[2.387,0],[1.092,-0.452],[0.836,-0.836],[0.452,-1.092],[0,-1.182],[-0.452,-1.092],[-0.836,-0.836],[-1.092,-0.452],[-1.182,0],[-1.688,1.688],[0,2.387],[1.688,1.688]],"o":[[-1.182,0],[-1.092,0.452],[-0.836,0.836],[-0.452,1.092],[0,1.182],[0.452,1.092],[0.836,0.836],[1.092,0.452],[2.387,0],[1.688,-1.688],[0,-2.387],[-1.688,-1.688]],"v":[[0,-9],[-3.444,-8.315],[-6.364,-6.364],[-8.315,-3.444],[-9,0],[-8.315,3.444],[-6.364,6.364],[-3.444,8.315],[0,9],[6.364,6.364],[9,0],[6.364,-6.364]]}},"ty":"sh"},{"c":{"k":[1,1,1,1]},"o":{"k":100},"r":1,"ty":"fl"},{"a":{"k":[0,0]},"o":{"k":100},"p":{"k":[12,12]},"s":{"k":[100,100]},"ty":"tr"}],"ix":2,"np":3,"ty":"gr"}],"st":0,"ty":4}]}],"fr":60,"h":224,"ip":24,"layers":[{"h":224,"ind":1,"ip":0,"ks":{"a":{"k":[112,112,0]},"o":{"k":100},"p":{"k":[112,112,0]}},"op":60,"refId":"comp_0","st":0,"tm":{"k":[{"i":{"x":[0.833],"y":[0.833]},"o":{"x":[0.167],"y":[0.167]},"s":[1],"t":-1},{"i":{"x":[0.833],"y":[0.833]},"o":{"x":[0.167],"y":[0.167]},"s":[0.317],"t":24},{"s":[0],"t":44}]},"ty":0,"w":224}],"markers":[],"op":60,"v":"5.10.2","w":224}