{"assets":[{"fr":60,"id":"comp_0","layers":[{"ct":1,"ind":1,"ip":0,"ks":{"a":{"k":[-39.5,-14.5,0]},"o":{"k":100},"p":{"k":[{"i":{"x":0.833,"y":0.833},"o":{"x":0.333,"y":0},"s":[112,139.25,0],"t":0,"ti":[13.879,-0.544,0],"to":[-8.816,0.473,0]},{"i":{"x":0.667,"y":1},"o":{"x":0.167,"y":0.167},"s":[59.101,142.09,0],"t":14.047,"ti":[5.063,-0.071,0],"to":[-13.879,0.544,0]},{"s":[28.725,142.517,0],"t":33}]},"r":{"k":[{"i":{"x":[0.833],"y":[0.833]},"o":{"x":[0.333],"y":[0]},"s":[0],"t":0},{"i":{"x":[0.667],"y":[1]},"o":{"x":[0.167],"y":[0.167]},"s":[-27.437],"t":14.047},{"s":[-81.486],"t":33}]},"s":{"k":[14.169,15.202,100]}},"op":600,"shapes":[{"cix":2,"it":[{"d":1,"ix":1,"or":{"k":40.436},"os":{"k":0},"p":{"k":[0,0]},"pt":{"k":4},"r":{"k":0},"sy":2,"ty":"sr"},{"c":{"k":[0.372549019608,0.960784313725,0.313725490196,1]},"o":{"k":100},"r":1,"ty":"fl"},{"a":{"k":[0,0]},"o":{"k":100},"p":{"k":[-39.5,-14.5]},"s":{"k":[100,100]},"ty":"tr"}],"ix":1,"np":3,"ty":"gr"}],"st":0,"ty":4},{"ct":1,"ind":2,"ip":0,"ks":{"a":{"k":[-39.5,-14.5,0]},"o":{"k":100},"p":{"k":[{"i":{"x":0.712,"y":0.581},"o":{"x":0.302,"y":0},"s":[112,139.25,0],"t":0,"ti":[19.26,16.962,0],"to":[-8.407,-7.528,0]},{"i":{"x":0.833,"y":0.833},"o":{"x":0.425,"y":0.448},"s":[61.3,91.659,0],"t":11,"ti":[5.39,3.357,0],"to":[-8.057,-7.096,0]},{"i":{"x":0.667,"y":1},"o":{"x":0.167,"y":0.167},"s":[40.456,75.185,0],"t":14.047,"ti":[6.349,0.705,0],"to":[-18.273,-11.382,0]},{"s":[2.36,70.956,0],"t":33}]},"r":{"k":[{"i":{"x":[0.833],"y":[0.833]},"o":{"x":[0.333],"y":[0]},"s":[0],"t":0},{"i":{"x":[0.667],"y":[1]},"o":{"x":[0.167],"y":[0.167]},"s":[-124.314],"t":14.047},{"s":[-180.51],"t":33}]},"s":{"k":[16.668,21.937,100]}},"op":600,"shapes":[{"cix":2,"it":[{"d":1,"ix":1,"or":{"k":40.436},"os":{"k":0},"p":{"k":[0,0]},"pt":{"k":4},"r":{"k":0},"sy":2,"ty":"sr"},{"c":{"k":[0.772549019608,0.941176470588,0.788235294118,1]},"o":{"k":100},"r":1,"ty":"fl"},{"a":{"k":[0,0]},"o":{"k":100},"p":{"k":[-39.827,-13.681]},"s":{"k":[100,100]},"ty":"tr"}],"ix":1,"np":3,"ty":"gr"}],"st":0,"ty":4},{"ct":1,"ind":3,"ip":0,"ks":{"a":{"k":[-39.5,-14.5,0]},"o":{"k":100},"p":{"k":[{"i":{"x":0.833,"y":0.833},"o":{"x":0.333,"y":0},"s":[112,139.25,0],"t":0,"ti":[10.923,9.437,0],"to":[-7.25,-8.75,0]},{"i":{"x":0.667,"y":1},"o":{"x":0.167,"y":0.167},"s":[68.5,86.75,0],"t":14.047,"ti":[3.673,0.687,0],"to":[-10.923,-9.437,0]},{"s":[46.46,82.629,0],"t":33}]},"r":{"k":[{"i":{"x":[0.833],"y":[0.833]},"o":{"x":[0.333],"y":[0]},"s":[0],"t":0},{"i":{"x":[0.667],"y":[1]},"o":{"x":[0.167],"y":[0.167]},"s":[34.039],"t":14.047},{"s":[-7.298],"t":33}]},"s":{"k":[11.357,15.12,100]}},"op":600,"shapes":[{"cix":2,"it":[{"d":1,"ix":1,"or":{"k":40.436},"os":{"k":0},"p":{"k":[0,0]},"pt":{"k":4},"r":{"k":0},"sy":2,"ty":"sr"},{"c":{"k":[0.372549019608,0.960784313725,0.313725490196,1]},"o":{"k":100},"r":1,"ty":"fl"},{"a":{"k":[0,0]},"o":{"k":100},"p":{"k":[-39.5,-14.5]},"s":{"k":[100,100]},"ty":"tr"}],"ix":1,"np":3,"ty":"gr"}],"st":0,"ty":4},{"ct":1,"ind":4,"ip":0,"ks":{"a":{"k":[-39.5,-14.5,0]},"o":{"k":100},"p":{"k":[{"i":{"x":0.833,"y":0.833},"o":{"x":0.333,"y":0},"s":[112,139.25,0],"t":0,"ti":[6.582,14.977,0],"to":[-3.042,-11.917,0]},{"i":{"x":0.667,"y":1},"o":{"x":0.167,"y":0.167},"s":[93.75,67.75,0],"t":14.047,"ti":[3.54,3.06,0],"to":[-6.582,-14.977,0]},{"s":[72.508,49.39,0],"t":33}]},"r":{"k":[{"i":{"x":[0.833],"y":[0.833]},"o":{"x":[0.333],"y":[0]},"s":[0],"t":0},{"i":{"x":[0.667],"y":[1]},"o":{"x":[0.167],"y":[0.167]},"s":[40.15],"t":14.047},{"s":[2.048],"t":33}]},"s":{"k":[11.136,13.48,100]}},"op":600,"shapes":[{"cix":2,"it":[{"d":1,"ix":1,"or":{"k":40.436},"os":{"k":0},"p":{"k":[0,0]},"pt":{"k":4},"r":{"k":0},"sy":2,"ty":"sr"},{"c":{"k":[0.098039215686,0.901960784314,0.549019607843,1]},"o":{"k":100},"r":1,"ty":"fl"},{"a":{"k":[0,0]},"o":{"k":100},"p":{"k":[-39.5,-14.5]},"s":{"k":[100,100]},"ty":"tr"}],"ix":1,"np":3,"ty":"gr"}],"st":0,"ty":4},{"ct":1,"ind":5,"ip":0,"ks":{"a":{"k":[-39.5,-14.5,0]},"o":{"k":100},"p":{"k":[{"i":{"x":0.833,"y":0.833},"o":{"x":0.333,"y":0},"s":[112,139.25,0],"t":0,"ti":[-3.174,12.27,0],"to":[-0.042,-8.417,0]},{"i":{"x":0.667,"y":1},"o":{"x":0.167,"y":0.167},"s":[111.75,88.75,0],"t":14.047,"ti":[-3.215,3.853,0],"to":[3.174,-12.27,0]},{"s":[131.043,65.632,0],"t":33}]},"r":{"k":[{"i":{"x":[0.833],"y":[0.833]},"o":{"x":[0.333],"y":[0]},"s":[0],"t":0},{"i":{"x":[0.667],"y":[1]},"o":{"x":[0.167],"y":[0.167]},"s":[-75.312],"t":14.047},{"s":[-131.245],"t":33}]},"s":{"k":[14.471,22.908,100]}},"op":600,"shapes":[{"cix":2,"it":[{"d":1,"ix":1,"or":{"k":40.436},"os":{"k":0},"p":{"k":[0,0]},"pt":{"k":4},"r":{"k":0},"sy":2,"ty":"sr"},{"c":{"k":[0.772549019608,0.941176470588,0.788235294118,1]},"o":{"k":100},"r":1,"ty":"fl"},{"a":{"k":[0,0]},"o":{"k":100},"p":{"k":[-39.5,-14.5]},"s":{"k":[100,100]},"ty":"tr"}],"ix":1,"np":3,"ty":"gr"}],"st":0,"ty":4},{"ct":1,"ind":6,"ip":0,"ks":{"a":{"k":[-39.5,-14.5,0]},"o":{"k":100},"p":{"k":[{"i":{"x":0.833,"y":0.833},"o":{"x":0.333,"y":0},"s":[112,139.25,0],"t":0,"ti":[-10.674,12.002,0],"to":[4.099,-9.778,0]},{"i":{"x":0.667,"y":1},"o":{"x":0.167,"y":0.167},"s":[136.592,80.581,0],"t":14.047,"ti":[-6.576,2.224,0],"to":[10.674,-12.002,0]},{"s":[176.047,67.24,0],"t":33}]},"r":{"k":[{"i":{"x":[0.833],"y":[0.833]},"o":{"x":[0.333],"y":[0]},"s":[0],"t":0},{"i":{"x":[0.667],"y":[1]},"o":{"x":[0.167],"y":[0.167]},"s":[-27.436],"t":14.047},{"s":[-46.156],"t":33}]},"s":{"k":[15.041,16.823,100]}},"op":600,"shapes":[{"cix":2,"it":[{"d":1,"ix":1,"or":{"k":40.436},"os":{"k":0},"p":{"k":[0,0]},"pt":{"k":4},"r":{"k":0},"sy":2,"ty":"sr"},{"c":{"k":[0.098039215686,0.901960784314,0.549019607843,1]},"o":{"k":100},"r":1,"ty":"fl"},{"a":{"k":[0,0]},"o":{"k":100},"p":{"k":[-39.5,-14.5]},"s":{"k":[100,100]},"ty":"tr"}],"ix":1,"np":3,"ty":"gr"}],"st":0,"ty":4},{"ct":1,"ind":7,"ip":0,"ks":{"a":{"k":[-39.5,-14.5,0]},"o":{"k":100},"p":{"k":[{"i":{"x":0.833,"y":0.833},"o":{"x":0.333,"y":0},"s":[112,139.25,0],"t":0,"ti":[-12.106,9.329,0],"to":[3.201,-4.611,0]},{"i":{"x":0.667,"y":1},"o":{"x":0.167,"y":0.167},"s":[131.206,111.582,0],"t":14.047,"ti":[-8.905,4.718,0],"to":[12.106,-9.329,0]},{"s":[184.635,83.275,0],"t":33}]},"r":{"k":[{"i":{"x":[0.833],"y":[0.833]},"o":{"x":[0.333],"y":[0]},"s":[0],"t":0},{"i":{"x":[0.667],"y":[1]},"o":{"x":[0.167],"y":[0.167]},"s":[-60.821],"t":14.047},{"s":[-91.67],"t":33}]},"s":{"k":[10.837,15.027,100]}},"op":600,"shapes":[{"cix":2,"it":[{"d":1,"ix":1,"or":{"k":40.436},"os":{"k":0},"p":{"k":[0,0]},"pt":{"k":4},"r":{"k":0},"sy":2,"ty":"sr"},{"c":{"k":[0.372549019608,0.960784313725,0.313725490196,1]},"o":{"k":100},"r":1,"ty":"fl"},{"a":{"k":[0,0]},"o":{"k":100},"p":{"k":[-39.5,-14.5]},"s":{"k":[100,100]},"ty":"tr"}],"ix":1,"np":3,"ty":"gr"}],"st":0,"ty":4},{"ct":1,"ind":8,"ip":0,"ks":{"a":{"k":[-39.5,-14.5,0]},"o":{"k":100},"p":{"k":[{"i":{"x":0.833,"y":0.833},"o":{"x":0.333,"y":0},"s":[112,139.25,0],"t":0,"ti":[-15.549,1.62,0],"to":[9.935,-4.177,0]},{"i":{"x":0.667,"y":1},"o":{"x":0.167,"y":0.167},"s":[171.608,114.191,0],"t":14.047,"ti":[-5.615,-2.557,0],"to":[15.549,-1.62,0]},{"s":[205.295,129.531,0],"t":33}]},"r":{"k":[{"i":{"x":[0.833],"y":[0.833]},"o":{"x":[0.333],"y":[0]},"s":[0],"t":0},{"i":{"x":[0.667],"y":[1]},"o":{"x":[0.167],"y":[0.167]},"s":[40.103],"t":14.047},{"s":[62.074],"t":33}]},"s":{"k":[17.85,22.385,100]}},"op":600,"shapes":[{"cix":2,"it":[{"d":1,"ix":1,"or":{"k":40.436},"os":{"k":0},"p":{"k":[0,0]},"pt":{"k":4},"r":{"k":0},"sy":2,"ty":"sr"},{"c":{"k":[0.772549019608,0.941176470588,0.788235294118,1]},"o":{"k":100},"r":1,"ty":"fl"},{"a":{"k":[0,0]},"o":{"k":100},"p":{"k":[-39.5,-14.5]},"s":{"k":[100,100]},"ty":"tr"}],"ix":1,"np":3,"ty":"gr"}],"st":0,"ty":4},{"ct":1,"ind":9,"ip":0,"ks":{"a":{"k":[-39.5,-14.5,0]},"o":{"k":100},"p":{"k":[{"i":{"x":0.833,"y":0.833},"o":{"x":1,"y":0.005},"s":[112,139.25,0],"t":0,"ti":[-16.49,-2.814,0],"to":[7.583,-0.875,0]},{"i":{"x":0.667,"y":1},"o":{"x":0.167,"y":0.167},"s":[157.5,134,0],"t":14.047,"ti":[-8.907,-3.689,0],"to":[16.49,2.814,0]},{"s":[210.942,156.136,0],"t":33}]},"r":{"k":[{"i":{"x":[0.833],"y":[0.833]},"o":{"x":[0.333],"y":[0]},"s":[0],"t":0},{"i":{"x":[0.667],"y":[1]},"o":{"x":[0.167],"y":[0.167]},"s":[43.103],"t":14.047},{"s":[194.462],"t":33}]},"s":{"k":[8,16,100]}},"op":600,"shapes":[{"cix":2,"it":[{"d":1,"ix":1,"or":{"k":40.436},"os":{"k":0},"p":{"k":[0,0]},"pt":{"k":4},"r":{"k":0},"sy":2,"ty":"sr"},{"c":{"k":[0.098039215686,0.901960784314,0.549019607843,1]},"o":{"k":100},"r":1,"ty":"fl"},{"a":{"k":[0,0]},"o":{"k":100},"p":{"k":[-39.5,-14.5]},"s":{"k":[100,100]},"ty":"tr"}],"ix":1,"np":3,"ty":"gr"}],"st":0,"ty":4},{"ct":1,"ind":10,"ip":0,"ks":{"a":{"k":[-39.5,-14.5,0]},"o":{"k":100},"p":{"k":[{"i":{"x":0.833,"y":0.833},"o":{"x":0.333,"y":0},"s":[112,139.25,0],"t":0,"ti":[15.357,2.681,0],"to":[-10.336,-4.526,0]},{"i":{"x":0.667,"y":1},"o":{"x":0.167,"y":0.167},"s":[49.982,112.091,0],"t":14.047,"ti":[5.021,-1.845,0],"to":[-15.357,-2.681,0]},{"s":[19.856,123.164,0],"t":33}]},"r":{"k":[{"i":{"x":[0.833],"y":[0.833]},"o":{"x":[0.333],"y":[0]},"s":[0],"t":0},{"i":{"x":[0.667],"y":[1]},"o":{"x":[0.167],"y":[0.167]},"s":[61.674],"t":14.047},{"s":[106.915],"t":33}]},"s":{"k":[{"i":{"x":[0.667,0.667,0.667],"y":[1,1,1]},"o":{"x":[0.167,0.167,0.167],"y":[0.167,0.167,0]},"s":[20.181,28.045,100],"t":14.047},{"s":[13.152,13.721,100],"t":33}]}},"op":600,"shapes":[{"cix":2,"it":[{"d":1,"ix":1,"or":{"k":40.436},"os":{"k":0},"p":{"k":[0,0]},"pt":{"k":4},"r":{"k":0},"sy":2,"ty":"sr"},{"c":{"k":[0.098039215686,0.901960784314,0.549019607843,1]},"o":{"k":100},"r":1,"ty":"fl"},{"a":{"k":[0,0]},"o":{"k":100},"p":{"k":[-39.5,-14.5]},"s":{"k":[100,100]},"ty":"tr"}],"ix":1,"np":3,"ty":"gr"}],"st":0,"ty":4}]},{"fr":60,"id":"comp_1","layers":[{"ct":1,"ind":1,"ip":0,"ks":{"a":{"k":[19.125,39.125,0]},"o":{"k":[{"i":{"x":[0.833],"y":[0.833]},"o":{"x":[0.167],"y":[0.167]},"s":[0],"t":2},{"i":{"x":[0.833],"y":[0.833]},"o":{"x":[0.167],"y":[0.167]},"s":[100],"t":6},{"s":[0],"t":24}]},"p":{"k":[111.996,112,0]},"s":{"k":[{"i":{"x":[0,0,0.667],"y":[1,1,1]},"o":{"x":[1,1,0.333],"y":[0,0,0]},"s":[0,0,100],"t":2},{"i":{"x":[0.667,0.667,0.667],"y":[1,1,1]},"o":{"x":[0.66,0.66,0.333],"y":[-0.023,-0.023,0]},"s":[77,77,100],"t":8},{"s":[148,148,100],"t":24}]}},"op":45,"shapes":[{"cix":2,"it":[{"d":1,"p":{"k":[0,0]},"s":{"k":[78.25,78.25]},"ty":"el"},{"c":{"k":[0.117647058824,0.843137254902,0.376470588235,1]},"lc":1,"lj":1,"ml":4,"o":{"k":100},"ty":"st","w":{"k":[{"i":{"x":[0.667],"y":[1]},"o":{"x":[0.333],"y":[0]},"s":[12],"t":8},{"s":[0],"t":24}]}},{"a":{"k":[0,0]},"o":{"k":100},"p":{"k":[19.125,39.125]},"s":{"k":[168.058,168.058]},"ty":"tr"}],"ix":1,"np":3,"ty":"gr"}],"st":-60,"ty":4}]}],"fr":60,"h":224,"ip":0,"layers":[{"ct":1,"ind":1,"ip":0,"ks":{"a":{"k":[12,12,0]},"o":{"k":100},"p":{"k":[112,112,0]},"s":{"k":[{"i":{"x":[0.207,0.207,0.667],"y":[1.939,1.939,1]},"o":{"x":[0.333,0.333,0.333],"y":[0,0,0]},"s":[0,0,100],"t":8.182},{"s":[427.143,427.143,100],"t":19.08984375}]}},"op":60,"shapes":[{"cix":2,"it":[{"ix":1,"ks":{"k":{"c":true,"i":[[-0.187,-0.187],[0,-0.265],[0.187,-0.188],[0,0],[0,0],[-0.002,0.262],[-0.185,0.186],[-0.263,0.003],[-0.189,-0.182],[0,0],[0,0],[-0.265,0]],"o":[[0.187,0.188],[0,0.265],[0,0],[0,0],[-0.182,-0.189],[0.003,-0.263],[0.186,-0.185],[0.262,-0.002],[0,0],[0,0],[0.187,-0.187],[0.265,0]],"v":[[5.4,-3.753],[5.693,-3.046],[5.4,-2.339],[-2.025,5.087],[-5.333,1.779],[-5.615,1.076],[-5.322,0.376],[-4.622,0.083],[-3.919,0.365],[-2.025,2.258],[3.986,-3.753],[4.693,-4.046]]}},"ty":"sh"},{"c":{"k":[0.070588235294,0.070588235294,0.070588235294,1]},"o":{"k":100},"r":1,"ty":"fl"},{"a":{"k":[0,0]},"o":{"k":100},"p":{"k":[11.998,11.96]},"s":{"k":[100,100]},"ty":"tr"}],"ix":1,"np":2,"ty":"gr"}],"st":0,"td":1,"ty":4},{"ct":1,"hasMask":true,"ind":2,"ip":0,"ks":{"a":{"k":[12.02,11.992,0]},"o":{"k":100},"p":{"k":[112,112,0]},"s":{"k":[400.026,400.026,100]}},"masksProperties":[{"o":{"k":100},"pt":{"k":{"c":true,"i":[[0,6.075],[-6.075,0],[0,-6.075],[6.075,0]],"o":[[0,-6.075],[6.075,0],[0,6.075],[-6.075,0]],"v":[[1.041,11.984],[12.041,0.984],[23.041,11.984],[12.041,22.984]]}},"x":{"k":0}}],"op":60,"shapes":[{"cix":2,"it":[{"ix":1,"ks":{"k":{"c":true,"i":[[0,6.075],[-6.075,0],[0,-6.075],[6.075,0]],"o":[[0,-6.075],[6.075,0],[0,6.075],[-6.075,0]],"v":[[-11,0],[0,-11],[11,0],[0,11]]}},"ty":"sh"},{"a":{"k":[0,0]},"o":{"k":100},"p":{"k":[11.999,12]},"s":{"k":[100,100]},"ty":"tr"}],"ix":1,"np":1,"ty":"gr"},{"c":{"k":[{"i":{"x":[0.833],"y":[0.833]},"o":{"x":[0.167],"y":[0.167]},"s":[1,1,1,1],"t":0},{"s":[0.117647059262,0.843137264252,0.376470595598,1],"t":8.181640625}]},"lc":1,"lj":1,"ml":4,"o":{"k":100},"ty":"st","w":{"k":[{"i":{"x":[0.833],"y":[0.833]},"o":{"x":[0.167],"y":[0.167]},"s":[0],"t":0},{"s":[20],"t":8.181640625}]}}],"st":0,"tp":1,"tt":2,"ty":4},{"ct":1,"ind":3,"ip":0,"ks":{"a":{"k":[12,12,0]},"o":{"k":100},"p":{"k":[112,112,0]},"s":{"k":[{"i":{"x":[0.207,0.207,0.667],"y":[1.939,1.939,1]},"o":{"x":[0.333,0.333,0.333],"y":[0,0,0]},"s":[0,0,100],"t":8.182},{"s":[427.143,427.143,100],"t":19.08984375}]}},"op":60,"shapes":[{"cix":2,"it":[{"ix":1,"ks":{"k":{"c":true,"i":[[-0.187,-0.187],[0,-0.265],[0.187,-0.188],[0,0],[0,0],[-0.002,0.262],[-0.185,0.186],[-0.263,0.003],[-0.189,-0.182],[0,0],[0,0],[-0.265,0]],"o":[[0.187,0.188],[0,0.265],[0,0],[0,0],[-0.182,-0.189],[0.003,-0.263],[0.186,-0.185],[0.262,-0.002],[0,0],[0,0],[0.187,-0.187],[0.265,0]],"v":[[5.4,-3.753],[5.693,-3.046],[5.4,-2.339],[-2.025,5.087],[-5.333,1.779],[-5.615,1.076],[-5.322,0.376],[-4.622,0.083],[-3.919,0.365],[-2.025,2.258],[3.986,-3.753],[4.693,-4.046]]}},"ty":"sh"},{"c":{"k":[0.070588235294,0.070588235294,0.070588235294,1]},"o":{"k":100},"r":1,"ty":"fl"},{"a":{"k":[0,0]},"o":{"k":100},"p":{"k":[11.998,11.96]},"s":{"k":[100,100]},"ty":"tr"}],"ix":1,"np":2,"ty":"gr"}],"st":0,"td":1,"ty":4},{"ct":1,"ind":4,"ip":0,"ks":{"o":{"k":[{"i":{"x":[0.833],"y":[0.833]},"o":{"x":[0.167],"y":[0.167]},"s":[0],"t":7.637},{"s":[100],"t":8.181640625}]},"p":{"k":[12.02,11.992,0]},"s":{"k":[15.081,15.081,100]}},"op":60,"parent":2,"shapes":[{"cix":2,"it":[{"d":1,"p":{"k":[0,0]},"s":{"k":[224,224]},"ty":"el"},{"c":{"k":[0.117647058824,0.843137254902,0.376470588235,1]},"o":{"k":100},"r":1,"ty":"fl"},{"a":{"k":[0,0]},"o":{"k":100},"p":{"k":[0,0]},"s":{"k":[13.503,13.503]},"ty":"tr"}],"ix":1,"np":3,"ty":"gr"}],"st":0,"tp":3,"tt":2,"ty":4},{"ct":1,"ind":5,"ip":0,"ks":{"a":{"k":[12,12,0]},"o":{"k":100},"p":{"k":[112,112,0]},"s":{"k":[{"i":{"x":[0.667,0.667,0.667],"y":[1,1,1]},"o":{"x":[0.987,0.987,0.333],"y":[0.652,0.652,0]},"s":[436.364,436.364,100],"t":0},{"s":[0,0,100],"t":8.181640625}]}},"op":60,"shapes":[{"cix":2,"it":[{"ix":1,"ks":{"k":{"c":true,"i":[[0,-0.265],[0.188,-0.187],[0.265,0],[0,0],[0,0],[0.188,-0.187],[0.265,0],[0.187,0.188],[0,0.265],[0,0],[0,0],[0.187,0.188],[0,0.265],[-0.188,0.187],[-0.265,0],[0,0],[0,0],[-0.188,0.187],[-0.265,0],[-0.187,-0.188],[0,-0.265],[0,0],[0,0],[-0.187,-0.188]],"o":[[0,0.265],[-0.187,0.188],[0,0],[0,0],[0,0.265],[-0.187,0.188],[-0.265,0],[-0.188,-0.187],[0,0],[0,0],[-0.265,0],[-0.188,-0.187],[0,-0.265],[0.187,-0.188],[0,0],[0,0],[0,-0.265],[0.187,-0.188],[0.265,0],[0.188,0.187],[0,0],[0,0],[0.265,0],[0.188,0.187]],"v":[[5.57,0],[5.277,0.707],[4.57,1],[1,1],[1,4.57],[0.707,5.277],[0,5.57],[-0.707,5.277],[-1,4.57],[-1,1],[-4.57,1],[-5.277,0.707],[-5.57,0],[-5.277,-0.707],[-4.57,-1],[-1,-1],[-1,-4.534],[-0.707,-5.241],[0,-5.534],[0.707,-5.241],[1,-4.534],[1,-1],[4.57,-1],[5.277,-0.707]]}},"ty":"sh"},{"c":{"k":[1,1,1,1]},"o":{"k":100},"r":1,"ty":"fl"},{"a":{"k":[0,0]},"o":{"k":100},"p":{"k":[11.999,12]},"s":{"k":[100,100]},"ty":"tr"}],"ix":1,"np":2,"ty":"gr"}],"st":0,"ty":4},{"ct":1,"ind":7,"ip":0,"ks":{"a":{"k":[12,12,0]},"o":{"k":100},"p":{"k":[112,112,0]},"s":{"k":[400,400,100]}},"op":60,"shapes":[{"cix":2,"it":[{"ix":1,"ks":{"k":{"c":true,"i":[[0,6.075],[-6.075,0],[0,-6.075],[6.075,0]],"o":[[0,-6.075],[6.075,0],[0,6.075],[-6.075,0]],"v":[[-11,0],[0,-11],[11,0],[0,11]]}},"ty":"sh"},{"ind":1,"ix":2,"ks":{"k":{"c":true,"i":[[2.387,0],[1.092,-0.452],[0.836,-0.836],[0.452,-1.092],[0,-1.182],[-0.452,-1.092],[-0.836,-0.836],[-1.092,-0.452],[-1.182,0],[-1.688,1.688],[0,2.387],[1.688,1.688]],"o":[[-1.182,0],[-1.092,0.452],[-0.836,0.836],[-0.452,1.092],[0,1.182],[0.452,1.092],[0.836,0.836],[1.092,0.452],[2.387,0],[1.688,-1.688],[0,-2.387],[-1.688,-1.688]],"v":[[0,-9],[-3.444,-8.315],[-6.364,-6.364],[-8.315,-3.444],[-9,0],[-8.315,3.444],[-6.364,6.364],[-3.444,8.315],[0,9],[6.364,6.364],[9,0],[6.364,-6.364]]}},"ty":"sh"},{"c":{"k":[1,1,1,1]},"o":{"k":100},"r":1,"ty":"fl"},{"a":{"k":[0,0]},"o":{"k":100},"p":{"k":[12,12]},"s":{"k":[100,100]},"ty":"tr"}],"ix":2,"np":3,"ty":"gr"}],"st":0,"ty":4},{"h":224,"ind":8,"ip":10,"ks":{"a":{"k":[112,112,0]},"o":{"k":[{"i":{"x":[0.667],"y":[1]},"o":{"x":[0.333],"y":[0]},"s":[100],"t":23},{"s":[0],"t":39}]},"p":{"k":[112,77,0]}},"op":605,"refId":"comp_0","st":5,"ty":0,"w":224},{"h":224,"ind":10,"ip":7,"ks":{"a":{"k":[112,112,0]},"o":{"k":50},"p":{"k":[112,112,0]}},"op":52,"refId":"comp_1","st":7,"ty":0,"w":224}],"markers":[],"op":60,"v":"5.10.2","w":224}