{"v":"5.7.5","fr":100,"ip":0,"op":240,"w":38,"h":48,"nm":"Comp 1","ddd":0,"metadata":{},"assets":[],"layers":[{"ddd":0,"ind":1,"ty":4,"nm":"Red Rectangle","sr":1,"ks":{"p":{"a":0,"k":[0,0],"ix":2},"a":{"a":0,"k":[0,0],"ix":2},"s":{"a":0,"k":[100,100],"ix":2},"r":{"a":0,"k":0,"ix":2},"o":{"a":0,"k":100,"ix":2},"sk":{"a":0,"k":0,"ix":2},"sa":{"a":0,"k":0,"ix":2}},"ao":0,"shapes":[{"ty":"gr","nm":"Red Rectangle","it":[{"ty":"rc","d":1,"s":{"a":0,"k":[35.999053955078125,46.00047515874354],"ix":2},"p":{"a":0,"k":[0,0],"ix":2},"r":{"a":0,"k":7,"ix":2}},{"ty":"tm","s":{"a":1,"k":[{"t":0,"s":[61],"i":{"x":[0.75],"y":[0.75]},"o":{"x":[0.25],"y":[0.25]}},{"t":30,"s":[87],"i":{"x":[0.75],"y":[0.75]},"o":{"x":[0.25],"y":[0.25]}},{"t":60,"s":[100],"i":{"x":[0.75],"y":[0.75]},"o":{"x":[0.25],"y":[0.25]}},{"t":90,"s":[100],"i":{"x":[0.75],"y":[0.75]},"o":{"x":[0.25],"y":[0.25]}},{"t":120,"s":[94],"o":{"x":[0],"y":[0]},"i":{"x":[0.58],"y":[1]}},{"t":160,"s":[100],"i":{"x":[0.75],"y":[0.75]},"o":{"x":[0.25],"y":[0.25]}}],"ix":2},"e":{"a":1,"k":[{"t":0,"s":[60],"i":{"x":[0.75],"y":[0.75]},"o":{"x":[0.25],"y":[0.25]}},{"t":30,"s":[60],"i":{"x":[0.75],"y":[0.75]},"o":{"x":[0.25],"y":[0.25]}},{"t":60,"s":[98],"i":{"x":[0.75],"y":[0.75]},"o":{"x":[0.25],"y":[0.25]}},{"t":90,"s":[75],"i":{"x":[0.75],"y":[0.75]},"o":{"x":[0.25],"y":[0.25]}},{"t":120,"s":[91],"o":{"x":[0],"y":[0]},"i":{"x":[0.58],"y":[1]}},{"t":160,"s":[48],"i":{"x":[0.75],"y":[0.75]},"o":{"x":[0.25],"y":[0.25]}}],"ix":2},"o":{"a":1,"k":[{"t":0,"s":[0],"i":{"x":[0.75],"y":[0.75]},"o":{"x":[0.25],"y":[0.25]}},{"t":30,"s":[64.8],"i":{"x":[0.75],"y":[0.75]},"o":{"x":[0.25],"y":[0.25]}},{"t":60,"s":[43.2],"i":{"x":[0.75],"y":[0.75]},"o":{"x":[0.25],"y":[0.25]}},{"t":90,"s":[187.20000000000002],"i":{"x":[0.75],"y":[0.75]},"o":{"x":[0.25],"y":[0.25]}},{"t":120,"s":[241.20000000000002],"o":{"x":[0],"y":[0]},"i":{"x":[0.58],"y":[1]}},{"t":160,"s":[396],"i":{"x":[0.75],"y":[0.75]},"o":{"x":[0.25],"y":[0.25]}}],"ix":2},"m":1},{"ty":"st","c":{"a":0,"k":[0.6549019607843137,0.6549019607843137,0.6549019607843137],"ix":2},"o":{"a":0,"k":100,"ix":2},"w":{"a":0,"k":2,"ix":2},"lc":2,"lj":2,"ml":4},{"ty":"tr","p":{"a":0,"k":[18.999526977539062,24.001197814941406],"ix":2},"a":{"a":0,"k":[0,0],"ix":2},"s":{"a":0,"k":[100,100],"ix":2},"r":{"a":0,"k":0,"ix":2},"o":{"a":0,"k":100,"ix":2},"sk":{"a":0,"k":0,"ix":2},"sa":{"a":0,"k":0,"ix":2}}]}],"ip":0,"op":241,"st":0,"bm":0},{"ddd":0,"ind":2,"ty":4,"nm":"Black Rectangle","sr":1,"ks":{"p":{"a":0,"k":[0,0],"ix":2},"a":{"a":0,"k":[0,0],"ix":2},"s":{"a":0,"k":[100,100],"ix":2},"r":{"a":0,"k":0,"ix":2},"o":{"a":0,"k":100,"ix":2},"sk":{"a":0,"k":0,"ix":2},"sa":{"a":0,"k":0,"ix":2}},"ao":0,"shapes":[{"ty":"gr","nm":"Black Rectangle","it":[{"ty":"rc","d":1,"s":{"a":0,"k":[35.999053955078125,46.00143535240673],"ix":2},"p":{"a":0,"k":[0,0],"ix":2},"r":{"a":0,"k":6,"ix":2}},{"ty":"tm","s":{"a":1,"k":[{"t":0,"s":[10],"i":{"x":[0.75],"y":[0.75]},"o":{"x":[0.25],"y":[0.25]}},{"t":30,"s":[28],"i":{"x":[0.75],"y":[0.75]},"o":{"x":[0.25],"y":[0.25]}},{"t":60,"s":[49],"i":{"x":[0.75],"y":[0.75]},"o":{"x":[0.25],"y":[0.25]}},{"t":90,"s":[48],"i":{"x":[0.75],"y":[0.75]},"o":{"x":[0.25],"y":[0.25]}},{"t":120,"s":[57],"o":{"x":[0],"y":[0]},"i":{"x":[0.58],"y":[1]}},{"t":160,"s":[52],"i":{"x":[0.75],"y":[0.75]},"o":{"x":[0.25],"y":[0.25]}}],"ix":2},"e":{"a":1,"k":[{"t":0,"s":[11],"i":{"x":[0.75],"y":[0.75]},"o":{"x":[0.25],"y":[0.25]}},{"t":30,"s":[55],"i":{"x":[0.75],"y":[0.75]},"o":{"x":[0.25],"y":[0.25]}},{"t":60,"s":[51],"i":{"x":[0.75],"y":[0.75]},"o":{"x":[0.25],"y":[0.25]}},{"t":90,"s":[71],"i":{"x":[0.75],"y":[0.75]},"o":{"x":[0.25],"y":[0.25]}},{"t":120,"s":[60],"o":{"x":[0],"y":[0]},"i":{"x":[0.58],"y":[1]}},{"t":160,"s":[100],"i":{"x":[0.75],"y":[0.75]},"o":{"x":[0.25],"y":[0.25]}}],"ix":2},"o":{"a":1,"k":[{"t":0,"s":[0],"i":{"x":[0.75],"y":[0.75]},"o":{"x":[0.25],"y":[0.25]}},{"t":30,"s":[0],"i":{"x":[0.75],"y":[0.75]},"o":{"x":[0.25],"y":[0.25]}},{"t":60,"s":[36],"i":{"x":[0.75],"y":[0.75]},"o":{"x":[0.25],"y":[0.25]}},{"t":90,"s":[104.4],"i":{"x":[0.75],"y":[0.75]},"o":{"x":[0.25],"y":[0.25]}},{"t":120,"s":[190.8],"o":{"x":[0],"y":[0]},"i":{"x":[0.58],"y":[1]}},{"t":160,"s":[208.80000000000004],"i":{"x":[0.75],"y":[0.75]},"o":{"x":[0.25],"y":[0.25]}}],"ix":2},"m":1},{"ty":"st","c":{"a":0,"k":[0.6549019607843137,0.6549019607843137,0.6549019607843137],"ix":2},"o":{"a":0,"k":100,"ix":2},"w":{"a":0,"k":2,"ix":2},"lc":2,"lj":2,"ml":4},{"ty":"tr","p":{"a":0,"k":[18.999526977539062,24.000717163085938],"ix":2},"a":{"a":0,"k":[0,0],"ix":2},"s":{"a":0,"k":[100,100],"ix":2},"r":{"a":0,"k":0,"ix":2},"o":{"a":0,"k":100,"ix":2},"sk":{"a":0,"k":0,"ix":2},"sa":{"a":0,"k":0,"ix":2}}]}],"ip":0,"op":241,"st":0,"bm":0}],"markers":[]}
